{
    "accuracy": 0.4266025641025641,
    "classification_report": {
        "Up (0)": {
            "precision": 0.38215816127775615,
            "recall": 0.46915351506456243,
            "f1-score": 0.42121082009446115,
            "support": 2091.0
        },
        "Down (1)": {
            "precision": 0.37875178656503095,
            "recall": 0.37080223880597013,
            "f1-score": 0.37473485741220836,
            "support": 2144.0
        },
        "Deadband (2)": {
            "precision": 0.5628970775095299,
            "recall": 0.4418952618453865,
            "f1-score": 0.4951103660240291,
            "support": 2005.0
        },
        "accuracy": 0.4266025641025641,
        "macro avg": {
            "precision": 0.4412690084507724,
            "recall": 0.42728367190530636,
            "f1-score": 0.43035201451023286,
            "support": 6240.0
        },
        "weighted avg": {
            "precision": 0.43906172853106123,
            "recall": 0.4266025641025641,
            "f1-score": 0.42898712227363317,
            "support": 6240.0
        }
    },
    "feature_importance": {
        "ADX_14": NaN,
        "ATRr_14": NaN,
        "BBB_5_2.0_2.0": NaN,
        "BBP_5_2.0_2.0": NaN,
        "CCI_14_0.015": NaN,
        "CHOP_14_1_100.0": NaN,
        "DMN_14": NaN,
        "DMP_14": NaN,
        "EFI_13": NaN,
        "ER_10": NaN,
        "KCBe_20_2": NaN,
        "MFI_14": NaN,
        "ROC_10": NaN,
        "RSI_14": NaN,
        "STC_10_12_26_0.5": NaN,
        "STCmacd_10_12_26_0.5": NaN,
        "STCstoch_10_12_26_0.5": NaN,
        "STOCHRSIk_14_14_3_3": NaN,
        "STOCHh_14_3_3": NaN,
        "STOCHk_14_3_3": NaN
    }
}