{
    "accuracy": 0.5024038461538461,
    "classification_report": {
        "Up (0)": {
            "precision": 0.2703814510097233,
            "recall": 0.6184773310521814,
            "f1-score": 0.3762685402029664,
            "support": 1169.0
        },
        "Down (1)": {
            "precision": 0.3361986628462273,
            "recall": 0.25901398086828553,
            "f1-score": 0.29260182876142976,
            "support": 1359.0
        },
        "Deadband (2)": {
            "precision": 0.8177848352520841,
            "recall": 0.5549568965517241,
            "f1-score": 0.6612100786390628,
            "support": 3712.0
        },
        "accuracy": 0.5024038461538461,
        "macro avg": {
            "precision": 0.4747883163693449,
            "recall": 0.477482736157397,
            "f1-score": 0.44336014920115296,
            "support": 6240.0
        },
        "weighted avg": {
            "precision": 0.6103505140214945,
            "recall": 0.5024038461538461,
            "f1-score": 0.5275505802391429,
            "support": 6240.0
        }
    }
}
