{
    "accuracy": 0.4721153846153846,
    "classification_report": {
        "Up (0)": {
            "precision": 0.4475073313782991,
            "recall": 0.3136046033703247,
            "f1-score": 0.36877718704688256,
            "support": 2433.0
        },
        "Down (1)": {
            "precision": 0.47535870243293826,
            "recall": 0.587736212880833,
            "f1-score": 0.5256078634247284,
            "support": 2593.0
        },
        "Deadband (2)": {
            "precision": 0.4958615500376223,
            "recall": 0.542833607907743,
            "f1-score": 0.5182854895792371,
            "support": 1214.0
        },
        "accuracy": 0.4721153846153846,
        "macro avg": {
            "precision": 0.4729091946162865,
            "recall": 0.48139147471963356,
            "f1-score": 0.4708901800169494,
            "support": 6240.0
        },
        "weighted avg": {
            "precision": 0.46848820102526995,
            "recall": 0.4721153846153846,
            "f1-score": 0.46303440229079806,
            "support": 6240.0
        }
    },
    "feature_importance": {
        "ADX_14": NaN,
        "ATRr_14": NaN,
        "BBB_5_2.0_2.0": NaN,
        "BBP_5_2.0_2.0": NaN,
        "CCI_14_0.015": NaN,
        "CHOP_14_1_100.0": NaN,
        "DMN_14": NaN,
        "DMP_14": NaN,
        "Dist_EMA_200": NaN,
        "Dist_EMA_50": NaN,
        "Dist_VWAP": NaN,
        "EFI_13": NaN,
        "ER_10": NaN,
        "Hour_Cos": NaN,
        "Hour_Sin": NaN,
        "KCBe_20_2": NaN,
        "MFI_14": NaN,
        "Mom_D1": NaN,
        "Mom_W1": NaN,
        "ROC_10": NaN
    }
}