{
    "accuracy": 0.45544871794871794,
    "classification_report": {
        "Up (0)": {
            "precision": 0.4036307454615682,
            "recall": 0.4997608799617408,
            "f1-score": 0.4465811965811966,
            "support": 2091.0
        },
        "Down (1)": {
            "precision": 0.41400560224089633,
            "recall": 0.34468283582089554,
            "f1-score": 0.37617714431152965,
            "support": 2144.0
        },
        "Deadband (2)": {
            "precision": 0.5669882100750268,
            "recall": 0.5276807980049876,
            "f1-score": 0.5466287780935158,
            "support": 2005.0
        },
        "accuracy": 0.45544871794871794,
        "macro avg": {
            "precision": 0.4615415192591638,
            "recall": 0.45737483792920797,
            "f1-score": 0.45646237299541403,
            "support": 6240.0
        },
        "weighted avg": {
            "precision": 0.4596844969815784,
            "recall": 0.45544871794871794,
            "f1-score": 0.4545377851815226,
            "support": 6240.0
        }
    },
    "feature_importance": {
        "ADX_14": NaN,
        "ATRr_14": NaN,
        "BBB_5_2.0_2.0": NaN,
        "BBP_5_2.0_2.0": NaN,
        "CCI_14_0.015": NaN,
        "DMN_14": NaN,
        "DMP_14": NaN,
        "EFI_13": NaN,
        "MFI_14": NaN,
        "ROC_10": NaN,
        "RSI_14": NaN,
        "Ret_Close": NaN,
        "Ret_High": NaN,
        "Ret_Low": NaN,
        "Ret_Open": NaN,
        "Ret_Vol": NaN,
        "STOCHRSIk_14_14_3_3": NaN,
        "STOCHh_14_3_3": NaN,
        "STOCHk_14_3_3": NaN,
        "TRIX_30_9": NaN
    }
}