{
    "accuracy": 0.5442307692307692,
    "classification_report": {
        "Up (0)": {
            "precision": 0.2805194805194805,
            "recall": 0.4619332763045338,
            "f1-score": 0.34906270200387846,
            "support": 1169.0
        },
        "Down (1)": {
            "precision": 0.33015873015873015,
            "recall": 0.30610743193524653,
            "f1-score": 0.31767850324551355,
            "support": 1359.0
        },
        "Deadband (2)": {
            "precision": 0.7986906710310966,
            "recall": 0.6573275862068966,
            "f1-score": 0.7211467415398256,
            "support": 3712.0
        },
        "accuracy": 0.5442307692307692,
        "macro avg": {
            "precision": 0.46978962723643575,
            "recall": 0.475122764815559,
            "f1-score": 0.46262931559640585,
            "support": 6240.0
        },
        "weighted avg": {
            "precision": 0.5995757624808362,
            "recall": 0.5442307692307692,
            "f1-score": 0.5635698860815737,
            "support": 6240.0
        }
    },
    "feature_importance": {
        "ADX_14": NaN,
        "ATRr_14": NaN,
        "BBB_5_2.0_2.0": NaN,
        "BBP_5_2.0_2.0": NaN,
        "CCI_14_0.015": NaN,
        "CHOP_14_1_100.0": NaN,
        "DMN_14": NaN,
        "DMP_14": NaN,
        "Dist_EMA_200": NaN,
        "Dist_EMA_50": NaN,
        "Dist_VWAP": NaN,
        "EFI_13": NaN,
        "ER_10": NaN,
        "Hour_Cos": NaN,
        "Hour_Sin": NaN,
        "KCBe_20_2": NaN,
        "MFI_14": NaN,
        "Mom_D1": NaN,
        "Mom_W1": NaN,
        "ROC_10": NaN
    }
}