{
    "accuracy": 0.4012654012654013,
    "classification_report": {
        "Up (0)": {
            "precision": 0.4119922630560928,
            "recall": 0.781810766721044,
            "f1-score": 0.5396199859254046,
            "support": 2452.0
        },
        "Down (1)": {
            "precision": 0.38141592920353984,
            "recall": 0.17570322054626988,
            "f1-score": 0.2405805191180575,
            "support": 2453.0
        },
        "Deadband (2)": {
            "precision": 0.27802690582959644,
            "recall": 0.05631244323342416,
            "f1-score": 0.09365558912386707,
            "support": 1101.0
        },
        "accuracy": 0.4012654012654013,
        "macro avg": {
            "precision": 0.3571450326964097,
            "recall": 0.33794214350024604,
            "f1-score": 0.2912853647224431,
            "support": 6006.0
        },
        "weighted avg": {
            "precision": 0.3749460417362984,
            "recall": 0.4012654012654013,
            "f1-score": 0.33573210498019723,
            "support": 6006.0
        }
    },
    "feature_importance": {
        "ADX_14": NaN,
        "ATRr_14": NaN,
        "BBB_5_2.0_2.0": NaN,
        "BBP_5_2.0_2.0": NaN,
        "CCI_14_0.015": NaN,
        "DMN_14": NaN,
        "DMP_14": NaN,
        "Dist_EMA_200": NaN,
        "Dist_EMA_50": NaN,
        "Dist_VWAP": NaN,
        "EFI_13": NaN,
        "Hour_Cos": NaN,
        "Hour_Sin": NaN,
        "MFI_14": NaN,
        "Mom_D1": NaN,
        "Mom_W1": NaN,
        "ROC_10": NaN,
        "RSI_14_Z": NaN,
        "Ret_Close": NaN,
        "Ret_High": NaN
    }
}