{
    "accuracy": 0.5129807692307692,
    "classification_report": {
        "Up (0)": {
            "precision": 0.5162081176791065,
            "recall": 0.6052379431491536,
            "f1-score": 0.5571890620405763,
            "support": 3131.0
        },
        "Down (1)": {
            "precision": 0.5121568627450981,
            "recall": 0.42637936663401893,
            "f1-score": 0.465348298592553,
            "support": 3063.0
        },
        "Deadband (2)": {
            "precision": 0.0,
            "recall": 0.0,
            "f1-score": 0.0,
            "support": 46.0
        },
        "accuracy": 0.5129807692307692,
        "macro avg": {
            "precision": 0.3427883268080682,
            "recall": 0.3438724365943908,
            "f1-score": 0.3408457868777098,
            "support": 6240.0
        },
        "weighted avg": {
            "precision": 0.5104141165130638,
            "recall": 0.5129807692307692,
            "f1-score": 0.5080001268971209,
            "support": 6240.0
        }
    },
    "feature_importance": {
        "VWAP_D": 0.08792618372456183,
        "KCBe_20_2": 0.08440249209562767,
        "ATRr_14": 0.08154163201292944,
        "ADX_14": 0.07035295526129937,
        "DMP_14": 0.05375172426503512,
        "TRIX_30_9": 0.053492562225585585,
        "BBB_5_2.0_2.0": 0.05061690366207478,
        "STCmacd_10_12_26_0.5": 0.046960102868704244,
        "ROC_10": 0.04382349583852586,
        "TSI_13_25_13": 0.04231190589885059,
        "MFI_14": 0.04073169786367829,
        "EFI_13": 0.0404750900471073,
        "CHOP_14_1_100.0": 0.039624798362511426,
        "DMN_14": 0.03709333675964678,
        "STOCHRSIk_14_14_3_3": 0.037008989055162714,
        "RSI_14": 0.030259559656924957,
        "ER_10": 0.028532900021377643,
        "CCI_14_0.015": 0.025566327747066797,
        "STOCHk_14_3_3": 0.02518271741142815,
        "STOCHh_14_3_3": 0.022956100229659507
    }
}