{
    "accuracy": 0.41174712300104616,
    "classification_report": {
        "Up (0)": {
            "precision": 0.33859223300970875,
            "recall": 0.2778884462151394,
            "f1-score": 0.3052516411378556,
            "support": 2008.0
        },
        "Down (1)": {
            "precision": 0.3309768637532134,
            "recall": 0.27540106951871657,
            "f1-score": 0.30064214827787505,
            "support": 1870.0
        },
        "Deadband (2)": {
            "precision": 0.4823630628047032,
            "recall": 0.5979381443298969,
            "f1-score": 0.533968253968254,
            "support": 2813.0
        },
        "accuracy": 0.41174712300104616,
        "macro avg": {
            "precision": 0.38397738652254176,
            "recall": 0.38374255335458435,
            "f1-score": 0.3799540144613282,
            "support": 6691.0
        },
        "weighted avg": {
            "precision": 0.39690737330318854,
            "recall": 0.41174712300104616,
            "f1-score": 0.40011938590601387,
            "support": 6691.0
        }
    },
    "feature_importance": {
        "CCI_14_0.015": 0.09541462358027113,
        "ATRr_14": 0.07108572821744778,
        "ROC_10": 0.0679403342914453,
        "VWAP_D": 0.06742401697708557,
        "STOCHh_14_3_3": 0.06651457215118088,
        "TRIX_30_9": 0.06296671272966559,
        "STOCHk_14_3_3": 0.059315746647461115,
        "EFI_13": 0.058318047243182694,
        "ADX_14": 0.05775373790934583,
        "BBB_5_2.0_2.0": 0.0529826185444801,
        "BBP_5_2.0_2.0": 0.05226713345835214,
        "DMN_14": 0.052188170395751986,
        "TSI_13_25_13": 0.050957440030085614,
        "DMP_14": 0.050527685538851536,
        "MFI_14": 0.0467316170585414,
        "RSI_14": 0.04564975488297313,
        "STOCHRSIk_14_14_3_3": 0.04196206034387821
    }
}