{
    "accuracy": 0.5056089743589743,
    "classification_report": {
        "Up (0)": {
            "precision": 0.2826486817903127,
            "recall": 0.3943541488451668,
            "f1-score": 0.3292857142857143,
            "support": 1169.0
        },
        "Down (1)": {
            "precision": 0.30104119511090993,
            "recall": 0.48933038999264167,
            "f1-score": 0.3727578475336323,
            "support": 1359.0
        },
        "Deadband (2)": {
            "precision": 0.8454166666666667,
            "recall": 0.5466056034482759,
            "f1-score": 0.6639397905759162,
            "support": 3712.0
        },
        "accuracy": 0.5056089743589743,
        "macro avg": {
            "precision": 0.4763688478559631,
            "recall": 0.4767633807620282,
            "f1-score": 0.45532778413175423,
            "support": 6240.0
        },
        "weighted avg": {
            "precision": 0.621429160230011,
            "recall": 0.5056089743589743,
            "f1-score": 0.5378297143294883,
            "support": 6240.0
        }
    },
    "feature_importance": {
        "ADX_14": NaN,
        "ATRr_14": NaN,
        "BBB_5_2.0_2.0": NaN,
        "BBP_5_2.0_2.0": NaN,
        "CCI_14_0.015": NaN,
        "CHOP_14_1_100.0": NaN,
        "DMN_14": NaN,
        "DMP_14": NaN,
        "Dist_EMA_200": NaN,
        "Dist_EMA_50": NaN,
        "Dist_VWAP": NaN,
        "EFI_13": NaN,
        "ER_10": NaN,
        "Hour_Cos": NaN,
        "Hour_Sin": NaN,
        "KCBe_20_2": NaN,
        "MFI_14": NaN,
        "Mom_D1": NaN,
        "Mom_W1": NaN,
        "ROC_10": NaN
    }
}