{
    "accuracy": 0.49551282051282053,
    "classification_report": {
        "Up (0)": {
            "precision": 0.3354574419663177,
            "recall": 0.4673430564362714,
            "f1-score": 0.39056703762586115,
            "support": 1577.0
        },
        "Down (1)": {
            "precision": 0.38832252085264135,
            "recall": 0.24445740956826137,
            "f1-score": 0.3000358037952023,
            "support": 1714.0
        },
        "Deadband (2)": {
            "precision": 0.6531713900134952,
            "recall": 0.6564937266870126,
            "f1-score": 0.6548283443260612,
            "support": 2949.0
        },
        "accuracy": 0.49551282051282053,
        "macro avg": {
            "precision": 0.4589837842774848,
            "recall": 0.4560980642305151,
            "f1-score": 0.4484770619157082,
            "support": 6240.0
        },
        "weighted avg": {
            "precision": 0.5001287845948891,
            "recall": 0.49551282051282053,
            "f1-score": 0.49058884190040286,
            "support": 6240.0
        }
    },
    "feature_importance": {
        "ADX_14": NaN,
        "ATRr_14": NaN,
        "BBB_5_2.0_2.0": NaN,
        "BBP_5_2.0_2.0": NaN,
        "CCI_14_0.015": NaN,
        "CHOP_14_1_100.0": NaN,
        "DMN_14": NaN,
        "DMP_14": NaN,
        "EFI_13": NaN,
        "ER_10": NaN,
        "KCBe_20_2": NaN,
        "MFI_14": NaN,
        "ROC_10": NaN,
        "RSI_14": NaN,
        "STC_10_12_26_0.5": NaN,
        "STCmacd_10_12_26_0.5": NaN,
        "STCstoch_10_12_26_0.5": NaN,
        "STOCHRSIk_14_14_3_3": NaN,
        "STOCHh_14_3_3": NaN,
        "STOCHk_14_3_3": NaN
    }
}