{
    "accuracy": 0.510576923076923,
    "classification_report": {
        "Up (0)": {
            "precision": 0.5118552412645591,
            "recall": 0.7860108591504311,
            "f1-score": 0.6199773271192845,
            "support": 3131.0
        },
        "Down (1)": {
            "precision": 0.528040786598689,
            "recall": 0.2366960496245511,
            "f1-score": 0.3268710550045086,
            "support": 3063.0
        },
        "Deadband (2)": {
            "precision": 0.0,
            "recall": 0.0,
            "f1-score": 0.0,
            "support": 46.0
        },
        "accuracy": 0.510576923076923,
        "macro avg": {
            "precision": 0.34663200928774934,
            "recall": 0.34090230292499407,
            "f1-score": 0.3156161273745977,
            "support": 6240.0
        },
        "weighted avg": {
            "precision": 0.5160268733575512,
            "recall": 0.510576923076923,
            "f1-score": 0.4715312584437964,
            "support": 6240.0
        }
    },
    "feature_importance": {
        "ADX_14": NaN,
        "ATRr_14": NaN,
        "BBB_5_2.0_2.0": NaN,
        "BBP_5_2.0_2.0": NaN,
        "CCI_14_0.015": NaN,
        "CHOP_14_1_100.0": NaN,
        "DMN_14": NaN,
        "DMP_14": NaN,
        "EFI_13": NaN,
        "ER_10": NaN,
        "KCBe_20_2": NaN,
        "MFI_14": NaN,
        "ROC_10": NaN,
        "RSI_14": NaN,
        "STC_10_12_26_0.5": NaN,
        "STCmacd_10_12_26_0.5": NaN,
        "STCstoch_10_12_26_0.5": NaN,
        "STOCHRSIk_14_14_3_3": NaN,
        "STOCHh_14_3_3": NaN,
        "STOCHk_14_3_3": NaN
    }
}