{
    "accuracy": 0.6016025641025641,
    "classification_report": {
        "Up (0)": {
            "precision": 0.2892819979188345,
            "recall": 0.5593561368209256,
            "f1-score": 0.3813443072702332,
            "support": 994.0
        },
        "Down (1)": {
            "precision": 0.2939068100358423,
            "recall": 0.2949640287769784,
            "f1-score": 0.29443447037701975,
            "support": 1112.0
        },
        "Deadband (2)": {
            "precision": 0.89631480324797,
            "recall": 0.6942428640541848,
            "f1-score": 0.7824427480916031,
            "support": 4134.0
        },
        "accuracy": 0.6016025641025641,
        "macro avg": {
            "precision": 0.4931678704008822,
            "recall": 0.5161876765506963,
            "f1-score": 0.486073841912952,
            "support": 6240.0
        },
        "weighted avg": {
            "precision": 0.6922653966856227,
            "recall": 0.6016025641025641,
            "f1-score": 0.6315842456885489,
            "support": 6240.0
        }
    },
    "feature_importance": {
        "Hour_Sin": 0.22103644518365254,
        "Hour_Cos": 0.07959315380646273,
        "Vol_Z": 0.051366114178100754,
        "Ret_Vol": 0.03961435601085113,
        "ATRr_14": 0.03260828614746284,
        "KCBe_20_2": 0.0278933195924892,
        "VWAP_D": 0.026936864555372825,
        "Dist_VWAP": 0.024589341588153985,
        "DMN_14": 0.024002392990205637,
        "ADX_14": 0.023831691513364218,
        "TRIX_30_9": 0.02321262546672239,
        "Dist_EMA_200": 0.022064993341411956,
        "CCI_14_0.015": 0.021559269620736333,
        "Mom_W1": 0.021556027527610152,
        "BBB_5_2.0_2.0": 0.02082674619599221,
        "DMP_14": 0.019491211947185682,
        "CHOP_14_1_100.0": 0.01861820678628848,
        "STCmacd_10_12_26_0.5": 0.018367360791930024,
        "EFI_13": 0.01782903369959242,
        "MFI_14": 0.017539527815601856
    }
}