{
    "accuracy": 0.5561380867881917,
    "classification_report": {
        "Up (0)": {
            "precision": 0.29970451667370196,
            "recall": 0.5791190864600326,
            "f1-score": 0.3949930458970793,
            "support": 2452.0
        },
        "Down (1)": {
            "precision": 0.36610169491525424,
            "recall": 0.24489795918367346,
            "f1-score": 0.29347826086956524,
            "support": 2646.0
        },
        "Deadband (2)": {
            "precision": 0.8195246179966044,
            "recall": 0.6612328767123288,
            "f1-score": 0.7319181197877179,
            "support": 7300.0
        },
        "accuracy": 0.5561380867881917,
        "macro avg": {
            "precision": 0.4951102765285202,
            "recall": 0.4950833074520116,
            "f1-score": 0.4734631421847875,
            "support": 12398.0
        },
        "weighted avg": {
            "precision": 0.6199475940478216,
            "recall": 0.5561380867881917,
            "f1-score": 0.5717106550452371,
            "support": 12398.0
        }
    },
    "feature_importance": {
        "ADX_14": NaN,
        "ATRr_14": NaN,
        "BBB_5_2.0_2.0": NaN,
        "BBP_5_2.0_2.0": NaN,
        "CCI_14_0.015": NaN,
        "CHOP_14_1_100.0": NaN,
        "DMN_14": NaN,
        "DMP_14": NaN,
        "Dist_EMA_200": NaN,
        "Dist_EMA_50": NaN,
        "Dist_VWAP": NaN,
        "EFI_13": NaN,
        "ER_10": NaN,
        "Hour_Cos": NaN,
        "Hour_Sin": NaN,
        "KCBe_20_2": NaN,
        "MFI_14": NaN,
        "Mom_D1": NaN,
        "Mom_W1": NaN,
        "ROC_10": NaN
    }
}