{
    "accuracy": 0.4027639027639028,
    "classification_report": {
        "Up (0)": {
            "precision": 0.410351966873706,
            "recall": 0.8083197389885808,
            "f1-score": 0.544355946168635,
            "support": 2452.0
        },
        "Down (1)": {
            "precision": 0.38235294117647056,
            "recall": 0.15368935996738686,
            "f1-score": 0.2192497819133469,
            "support": 2453.0
        },
        "Deadband (2)": {
            "precision": 0.3157894736842105,
            "recall": 0.05449591280653951,
            "f1-score": 0.09295120061967467,
            "support": 1101.0
        },
        "accuracy": 0.4027639027639028,
        "macro avg": {
            "precision": 0.3694981272447957,
            "recall": 0.3388350039208357,
            "f1-score": 0.2855189762338855,
            "support": 6006.0
        },
        "weighted avg": {
            "precision": 0.38158158474967124,
            "recall": 0.4027639027639028,
            "f1-score": 0.32882447001684895,
            "support": 6006.0
        }
    },
    "feature_importance": {
        "ADX_14": NaN,
        "ATRr_14": NaN,
        "BBB_5_2.0_2.0": NaN,
        "BBP_5_2.0_2.0": NaN,
        "CCI_14_0.015": NaN,
        "DMN_14": NaN,
        "DMP_14": NaN,
        "Dist_EMA_200": NaN,
        "Dist_EMA_50": NaN,
        "Dist_VWAP": NaN,
        "EFI_13": NaN,
        "Hour_Cos": NaN,
        "Hour_Sin": NaN,
        "MFI_14": NaN,
        "Mom_D1": NaN,
        "Mom_W1": NaN,
        "ROC_10": NaN,
        "RSI_14_Z": NaN,
        "Ret_Close": NaN,
        "Ret_High": NaN
    }
}