{
    "accuracy": 0.5376602564102564,
    "classification_report": {
        "Up (0)": {
            "precision": 0.27864693446088795,
            "recall": 0.5637296834901625,
            "f1-score": 0.3729485002829655,
            "support": 1169.0
        },
        "Down (1)": {
            "precision": 0.32615083251714005,
            "recall": 0.24503311258278146,
            "f1-score": 0.27983193277310925,
            "support": 1359.0
        },
        "Deadband (2)": {
            "precision": 0.8279607568325158,
            "recall": 0.6365840517241379,
            "f1-score": 0.719768504416692,
            "support": 3712.0
        },
        "accuracy": 0.5376602564102564,
        "macro avg": {
            "precision": 0.4775861746035146,
            "recall": 0.4817822825990273,
            "f1-score": 0.45751631249092223,
            "support": 6240.0
        },
        "weighted avg": {
            "precision": 0.6157640347977357,
            "recall": 0.5376602564102564,
            "f1-score": 0.5589822246577248,
            "support": 6240.0
        }
    },
    "feature_importance": {
        "Hour_Sin": 0.21384650888047047,
        "ATRr_14": 0.05044174093371134,
        "KCBe_20_2": 0.04449579330837898,
        "VWAP_D": 0.04142327756349326,
        "CCI_14_0.015": 0.04127903795006069,
        "Dist_EMA_200": 0.0324722979714578,
        "TRIX_30_9": 0.03236768527323689,
        "Mom_W1": 0.029927854076512134,
        "ADX_14": 0.028792797231477988,
        "Dist_VWAP": 0.027108659396136027,
        "Ret_Vol": 0.024793701233691238,
        "STCmacd_10_12_26_0.5": 0.024139745498549536,
        "TSI_13_25_13": 0.02388881402545629,
        "BBB_5_2.0_2.0": 0.023094043163434733,
        "Vol_Z": 0.02271685821774453,
        "Mom_D1": 0.021335186204794646,
        "Hour_Cos": 0.019753739351279154,
        "CHOP_14_1_100.0": 0.019655903213318705,
        "RSI_14_Z": 0.019278307492858433,
        "DMN_14": 0.019249492798259528
    }
}