{
    "accuracy": 0.32884615384615384,
    "classification_report": {
        "Up (0)": {
            "precision": 0.28,
            "recall": 0.5932901706886404,
            "f1-score": 0.380449141347424,
            "support": 1699.0
        },
        "Down (1)": {
            "precision": 0.2555635319454415,
            "recall": 0.18416968442834972,
            "f1-score": 0.21407095610342755,
            "support": 1933.0
        },
        "Deadband (2)": {
            "precision": 0.5517241379310345,
            "recall": 0.26380368098159507,
            "f1-score": 0.3569390402075227,
            "support": 2608.0
        },
        "accuracy": 0.32884615384615384,
        "macro avg": {
            "precision": 0.36242922329215865,
            "recall": 0.347087845366195,
            "f1-score": 0.31715304588612475,
            "support": 6240.0
        },
        "weighted avg": {
            "precision": 0.38599693252799305,
            "recall": 0.32884615384615384,
            "f1-score": 0.31908321573051573,
            "support": 6240.0
        }
    },
    "feature_importance": {
        "ADX_14": NaN,
        "ATRr_14": NaN,
        "BBB_5_2.0_2.0": NaN,
        "BBP_5_2.0_2.0": NaN,
        "CCI_14_0.015": NaN,
        "DMN_14": NaN,
        "DMP_14": NaN,
        "EFI_13": NaN,
        "MFI_14": NaN,
        "ROC_10": NaN,
        "RSI_14": NaN,
        "Ret_Close": NaN,
        "Ret_High": NaN,
        "Ret_Low": NaN,
        "Ret_Open": NaN,
        "Ret_Vol": NaN,
        "STOCHRSIk_14_14_3_3": NaN,
        "STOCHh_14_3_3": NaN,
        "STOCHk_14_3_3": NaN,
        "TRIX_30_9": NaN
    }
}